Distrito electoral local,Clave demarcación territorial,Demarcación territorial,Sección electoral,N° de casillas electorales,PAN,PRI,PRD,PVEM,PT,MC,MORENA,CSP,PVEM_PT_MORENA,PAN_PRI_PRD,PAN_PRI,PAN_PRD,PRI_PRD,Votos candidatos no registrados,Votos nulos,Votos totales,Lista nominal
33,8,La Magdalena Contreras,2972,2,201,80,16,0,0,42,0,0,237,4,2,2,1,0,9,594,765
33,8,La Magdalena Contreras,2973,2,201,104,19,0,0,51,0,0,234,21,2,0,0,2,7,641,785
33,8,La Magdalena Contreras,2974,2,195,87,21,0,0,51,0,0,252,13,3,1,0,0,14,637,787
33,8,La Magdalena Contreras,2975,1,153,57,9,0,0,31,0,0,132,8,4,0,0,1,4,399,499
33,8,La Magdalena Contreras,2976,2,226,102,11,0,0,65,0,0,223,25,2,0,0,3,12,669,835
33,8,La Magdalena Contreras,2977,1,250,81,17,0,0,26,0,0,148,22,4,0,0,1,3,552,669
33,8,La Magdalena Contreras,2978,2,252,102,13,0,0,36,0,0,200,20,5,0,0,0,16,644,809
33,8,La Magdalena Contreras,2979,2,194,87,11,0,0,39,0,0,225,18,2,1,1,1,18,597,770
33,8,La Magdalena Contreras,2980,1,322,56,13,0,0,23,0,0,89,15,3,2,0,1,5,529,626
33,8,La Magdalena Contreras,2981,2,438,75,28,0,0,23,0,0,102,11,2,0,0,0,3,682,835
33,8,La Magdalena Contreras,2982,2,625,145,34,0,0,42,0,0,141,21,3,0,1,0,6,1018,1263
33,8,La Magdalena Contreras,2983,2,544,81,22,0,0,22,0,0,63,19,10,1,0,0,5,767,909
33,8,La Magdalena Contreras,2984,2,95,167,24,0,0,70,0,0,421,18,6,0,0,0,22,823,1170
33,8,La Magdalena Contreras,2985,2,95,128,17,0,0,63,0,0,441,13,1,0,2,2,18,780,1098
33,8,La Magdalena Contreras,2986,2,133,140,26,0,0,89,0,0,476,31,6,1,0,0,20,922,1298
33,8,La Magdalena Contreras,2987,2,88,130,19,0,0,55,0,0,415,9,4,0,0,0,23,743,997
33,8,La Magdalena Contreras,2988,2,104,189,23,0,0,62,0,0,537,21,3,1,1,2,20,963,1345
33,8,La Magdalena Contreras,2989,2,99,126,27,0,0,97,0,0,503,22,5,0,0,0,26,905,1290
33,8,La Magdalena Contreras,2990,2,79,94,13,0,0,61,0,0,399,14,4,0,0,1,14,679,981
33,8,La Magdalena Contreras,2991,3,85,166,31,0,0,99,0,0,547,25,1,0,2,0,29,985,1540
33,8,La Magdalena Contreras,2992,3,83,124,25,0,0,104,0,0,687,16,3,0,0,1,31,1074,1728
33,8,La Magdalena Contreras,2993,3,93,164,22,0,0,111,0,0,760,23,2,0,0,0,32,1207,1798
33,8,La Magdalena Contreras,2994,3,94,160,101,0,0,97,0,0,770,25,8,0,2,1,38,1296,1968
33,8,La Magdalena Contreras,2995,2,79,68,11,0,0,30,0,0,408,11,6,0,1,2,22,638,953
33,8,La Magdalena Contreras,2996,2,127,178,18,0,0,76,0,0,378,17,3,0,1,0,21,819,1150
33,8,La Magdalena Contreras,2997,1,60,67,6,0,0,33,0,0,237,12,1,1,0,0,18,435,592
33,8,La Magdalena Contreras,2998,2,601,105,23,0,0,21,0,0,68,46,4,2,0,3,6,879,1020
33,8,La Magdalena Contreras,2999,2,417,128,17,0,0,41,0,0,171,24,4,0,0,3,19,824,971
33,8,La Magdalena Contreras,3000,2,499,155,28,0,0,54,0,0,221,22,8,2,0,4,14,1007,1223
33,8,La Magdalena Contreras,3001,3,765,181,39,0,0,71,0,0,211,37,9,2,0,1,12,1328,1634
33,8,La Magdalena Contreras,3002,2,473,82,14,0,0,24,0,0,100,20,1,0,0,2,13,729,873
33,8,La Magdalena Contreras,3003,1,339,54,11,0,0,11,0,0,49,18,4,0,0,0,2,488,614
33,8,La Magdalena Contreras,3004,3,430,299,23,0,0,62,0,0,395,39,6,2,0,4,12,1272,1576
33,8,La Magdalena Contreras,3005,2,326,185,22,0,0,47,0,0,216,29,4,1,2,1,14,847,1066
33,8,La Magdalena Contreras,3006,2,392,96,12,0,0,50,0,0,173,18,5,1,0,2,12,761,900
33,8,La Magdalena Contreras,3007,2,424,101,12,0,0,33,0,0,122,22,3,0,0,0,9,726,992
33,8,La Magdalena Contreras,3008,2,97,123,13,0,0,90,0,0,484,17,7,0,1,2,20,854,1240
33,8,La Magdalena Contreras,3009,2,100,172,21,0,0,74,0,0,379,12,2,0,0,1,20,781,1008
33,8,La Magdalena Contreras,3010,1,68,101,7,0,0,39,0,0,256,11,3,1,0,0,10,496,711
33,8,La Magdalena Contreras,3011,2,102,125,25,0,0,75,0,0,492,20,7,0,0,1,23,870,1215
33,8,La Magdalena Contreras,3012,2,129,147,29,0,0,57,0,0,439,16,0,1,0,3,21,842,1163
33,8,La Magdalena Contreras,3013,3,172,267,38,0,0,140,0,0,727,36,8,1,1,6,41,1437,2033
33,8,La Magdalena Contreras,3014,3,115,210,31,0,0,131,0,0,687,25,1,1,0,1,37,1239,1778
33,8,La Magdalena Contreras,3015,3,112,187,23,0,0,78,0,0,631,27,3,0,3,0,17,1081,1626
33,8,La Magdalena Contreras,3016,3,126,212,39,0,0,96,0,0,680,34,3,2,0,0,37,1229,1818
33,8,La Magdalena Contreras,3017,3,83,183,42,0,0,63,0,0,700,22,2,0,0,2,39,1136,1831
33,8,La Magdalena Contreras,3018,3,81,180,24,0,0,87,0,0,588,21,3,0,2,0,29,1015,1545
33,8,La Magdalena Contreras,3019,3,144,221,31,0,0,124,0,0,711,25,1,1,1,1,32,1292,1964
33,8,La Magdalena Contreras,3020,1,42,105,6,0,0,25,0,0,206,16,3,1,0,3,18,425,581
33,8,La Magdalena Contreras,3021,2,63,121,21,0,0,59,0,0,413,18,5,1,1,0,10,712,1029
33,8,La Magdalena Contreras,3022,1,12,31,1,0,0,14,0,0,83,4,0,0,0,0,5,150,211
33,8,La Magdalena Contreras,3023,3,185,207,18,0,0,94,0,0,569,36,9,1,1,7,27,1154,1631
33,8,La Magdalena Contreras,3024,1,120,107,19,0,0,54,0,0,224,14,2,1,1,3,11,556,743
33,8,La Magdalena Contreras,3025,3,208,223,39,0,0,125,0,0,675,45,6,1,0,0,36,1358,1875
33,8,La Magdalena Contreras,3026,3,587,154,26,0,0,40,0,0,179,15,7,2,0,0,14,1024,1237
33,8,La Magdalena Contreras,3027,2,475,140,23,0,0,42,0,0,192,17,3,0,0,0,4,896,1113
33,8,La Magdalena Contreras,3028,2,441,173,11,0,0,62,0,0,410,27,8,0,1,1,19,1153,1424
33,8,La Magdalena Contreras,3029,2,232,267,14,0,0,75,0,0,417,30,8,1,0,0,16,1060,1445
33,8,La Magdalena Contreras,3030,3,301,217,27,0,0,67,0,0,487,30,6,0,0,3,27,1165,1514
33,8,La Magdalena Contreras,3031,3,364,232,22,0,0,63,0,0,391,29,12,0,0,3,16,1132,1531
33,8,La Magdalena Contreras,3032,3,236,268,29,0,0,79,0,0,576,28,4,1,5,1,26,1253,1617
33,8,La Magdalena Contreras,3033,2,395,169,27,0,0,53,0,0,395,20,0,0,0,1,26,1086,1420
33,8,La Magdalena Contreras,3034,2,194,222,29,0,0,82,0,0,484,14,3,1,1,2,18,1050,1414
33,8,La Magdalena Contreras,3035,3,246,251,33,0,0,103,0,0,511,32,3,0,7,9,26,1221,1827
33,8,La Magdalena Contreras,3036,2,103,155,18,0,0,75,0,0,504,18,7,0,0,0,31,911,1331
33,8,La Magdalena Contreras,3037,2,63,147,27,0,0,66,0,0,542,20,8,0,1,1,16,891,1345
33,8,La Magdalena Contreras,3038,2,87,254,33,0,0,68,0,0,461,23,3,0,0,0,29,958,1473
33,8,La Magdalena Contreras,3039,4,194,471,52,0,0,136,0,0,976,50,9,0,1,3,50,1942,2851
33,8,La Magdalena Contreras,3040,2,75,196,10,0,0,59,0,0,406,23,2,0,0,1,19,791,1175
33,8,La Magdalena Contreras,3041,2,76,190,12,0,0,67,0,0,491,12,6,2,0,0,34,890,1326
33,8,La Magdalena Contreras,3042,2,65,229,34,0,0,64,0,0,453,17,6,0,2,3,34,907,1492
33,8,La Magdalena Contreras,3043,2,57,92,22,0,0,35,0,0,359,14,3,0,0,0,18,600,942
33,8,La Magdalena Contreras,3044,2,122,107,22,0,0,66,0,0,308,30,4,0,0,2,21,682,966
33,8,La Magdalena Contreras,3045,2,132,176,24,0,0,67,0,0,412,14,4,0,0,0,24,853,1214
33,8,La Magdalena Contreras,3046,2,143,156,22,0,0,68,0,0,386,22,6,0,1,2,13,819,1111
33,8,La Magdalena Contreras,3047,1,121,66,10,0,0,42,0,0,256,11,1,3,0,1,14,525,736
33,8,La Magdalena Contreras,3048,2,345,126,10,0,0,23,0,0,157,21,5,0,1,1,5,694,862
33,8,La Magdalena Contreras,3049,2,524,217,23,0,0,53,0,0,282,37,4,1,1,1,6,1149,1447
33,8,La Magdalena Contreras,3050,1,78,116,18,0,0,25,0,0,275,17,1,0,1,1,10,542,744
33,8,La Magdalena Contreras,3051,2,231,227,20,0,0,60,0,0,378,26,6,2,2,0,19,971,1297
33,8,La Magdalena Contreras,3052,2,159,158,19,0,0,70,0,0,397,17,2,0,1,1,20,844,1239
33,8,La Magdalena Contreras,3053,2,160,231,15,0,0,42,0,0,422,31,2,0,0,2,24,929,1265
33,8,La Magdalena Contreras,3054,2,224,109,21,0,0,36,0,0,195,14,6,1,1,0,14,621,797
33,8,La Magdalena Contreras,3055,2,346,120,11,0,0,30,0,0,172,10,4,2,0,0,14,709,894
33,8,La Magdalena Contreras,3056,2,282,230,25,0,0,32,0,0,300,20,7,0,0,3,15,914,1210
33,8,La Magdalena Contreras,3057,1,240,67,12,0,0,23,0,0,84,14,2,0,0,0,8,450,576
33,8,La Magdalena Contreras,3058,2,197,270,16,0,0,57,0,0,490,22,5,1,1,2,23,1084,1425
33,8,La Magdalena Contreras,3059,3,182,261,23,0,0,79,0,0,533,40,5,0,1,0,23,1147,1556
33,8,La Magdalena Contreras,3060,2,121,194,20,0,0,42,0,0,488,27,6,1,0,0,16,915,1272
33,8,La Magdalena Contreras,3061,3,252,408,40,0,0,91,0,0,686,50,5,1,2,1,26,1562,2056
33,8,La Magdalena Contreras,3062,3,327,405,22,0,0,77,0,0,475,60,8,2,1,2,18,1397,1801
33,8,La Magdalena Contreras,3063,3,441,287,32,0,0,73,0,0,471,45,7,3,0,0,26,1385,1799
33,8,La Magdalena Contreras,3064,2,142,207,30,0,0,59,0,0,387,32,4,0,0,0,13,874,1212
33,8,La Magdalena Contreras,3065,2,82,155,18,0,0,55,0,0,396,12,1,1,0,1,15,736,1003
33,8,La Magdalena Contreras,3066,3,114,326,33,0,0,75,0,0,719,37,3,0,2,1,48,1358,1960
33,8,La Magdalena Contreras,3067,2,52,134,16,0,0,56,0,0,452,24,1,0,0,0,27,762,1103
33,8,La Magdalena Contreras,3068,3,139,302,35,0,0,111,0,0,742,31,6,0,2,0,48,1416,2082
33,8,La Magdalena Contreras,3069,3,128,274,35,0,0,119,0,0,640,19,1,0,0,0,31,1247,1694
33,8,La Magdalena Contreras,3070,2,113,226,35,0,0,67,0,0,479,22,3,0,0,1,23,969,1339
33,8,La Magdalena Contreras,3071,3,167,291,25,0,0,97,0,0,806,32,6,0,0,1,47,1472,2090
33,8,La Magdalena Contreras,3072,3,84,195,27,0,0,74,0,0,686,25,8,2,0,2,33,1136,1722
33,8,La Magdalena Contreras,3073,2,114,120,16,0,0,62,0,0,187,18,0,0,0,0,15,532,1045
33,8,La Magdalena Contreras,3074,3,139,322,31,0,0,118,0,0,580,17,5,0,1,6,19,1238,1811
33,8,La Magdalena Contreras,3075,1,42,66,3,0,0,41,0,0,158,11,2,0,1,0,7,331,439
33,8,La Magdalena Contreras,3076,2,123,217,25,0,0,78,0,0,417,28,5,2,0,0,26,921,1301
33,8,La Magdalena Contreras,3077,3,126,284,19,0,0,83,0,0,590,32,11,1,1,0,34,1181,1656
33,8,La Magdalena Contreras,3078,3,328,375,21,0,0,108,0,0,564,49,7,0,1,3,23,1479,1963
33,8,La Magdalena Contreras,3079,2,222,271,17,0,0,58,0,0,384,54,7,1,0,2,21,1037,1319
33,8,La Magdalena Contreras,3080,1,62,116,10,0,0,23,0,0,311,11,0,0,4,1,9,547,732
33,8,La Magdalena Contreras,3081,2,175,209,19,0,0,55,0,0,508,28,7,0,0,0,12,1013,1358
33,8,La Magdalena Contreras,3082,2,306,207,22,0,0,56,0,0,392,27,4,1,3,2,15,1035,1324
33,8,La Magdalena Contreras,3083,3,284,298,38,0,0,87,0,0,537,43,9,0,1,0,30,1327,1796
33,8,La Magdalena Contreras,3084,2,61,281,22,0,0,38,0,0,345,25,5,2,2,1,9,791,1089
33,8,La Magdalena Contreras,3085,2,144,271,18,0,0,51,0,0,387,23,3,0,0,0,11,908,1216
33,8,La Magdalena Contreras,3086,3,130,335,29,0,0,93,0,0,737,34,6,0,0,1,37,1402,2123
33,8,La Magdalena Contreras,3087,5,151,448,40,0,0,97,0,0,1187,36,8,2,1,2,39,2011,3044
33,8,La Magdalena Contreras,3088,10,289,849,90,0,0,322,0,0,2622,77,21,6,1,10,122,4409,6752
33,8,La Magdalena Contreras,3089,6,151,711,47,0,0,129,0,0,1249,53,9,2,4,1,87,2443,3779
33,8,La Magdalena Contreras,3090,4,116,444,37,0,0,67,0,0,1000,24,8,0,0,0,41,1737,2714
33,8,La Magdalena Contreras,3091,4,302,476,31,0,0,87,0,0,836,52,11,4,6,0,45,1850,2499
33,8,La Magdalena Contreras,3092,3,227,303,39,0,0,84,0,0,625,49,5,2,3,0,33,1370,1897
33,8,La Magdalena Contreras,3093,3,423,219,23,0,0,74,0,0,538,45,5,0,0,3,34,1364,1840
33,8,La Magdalena Contreras,3094,3,110,291,25,0,0,69,0,0,704,27,6,0,0,2,30,1264,1825
33,8,La Magdalena Contreras,3095,5,135,326,40,0,0,117,0,0,1295,39,13,0,3,1,65,2034,3073
33,8,La Magdalena Contreras,3097,4,146,456,45,0,0,118,0,0,838,44,12,0,3,4,47,1713,2722
33,8,La Magdalena Contreras,3098,2,46,168,14,0,0,61,0,0,626,16,4,0,2,1,29,967,1437
33,8,La Magdalena Contreras,3099,2,76,139,25,0,0,77,0,0,588,13,3,0,1,1,21,944,1465
33,8,La Magdalena Contreras,3100,2,93,126,19,0,0,80,0,0,378,15,0,1,0,2,23,737,1004
33,8,La Magdalena Contreras,3101,1,114,91,7,0,0,32,0,0,169,13,1,0,0,0,10,437,550
33,8,La Magdalena Contreras,3102,2,57,94,21,0,0,73,0,0,406,16,4,0,1,0,34,706,1172
33,8,La Magdalena Contreras,3103,2,87,90,18,0,0,62,0,0,361,9,4,1,1,0,11,644,871
33,8,La Magdalena Contreras,3104,3,116,276,43,0,0,79,0,0,849,26,4,1,1,0,36,1431,2158
33,8,La Magdalena Contreras,3105,2,212,230,30,0,0,72,0,0,486,31,8,0,1,2,19,1091,1495
33,8,La Magdalena Contreras,3106,2,112,186,29,0,0,84,0,0,458,13,5,1,1,3,28,920,1241
33,8,La Magdalena Contreras,3107,1,8,13,8,0,0,7,0,0,49,0,0,0,0,0,6,91,156
33,8,La Magdalena Contreras,3108,1,77,130,13,0,0,40,0,0,201,17,4,0,0,0,13,495,683
33,8,La Magdalena Contreras,3109,3,79,223,35,0,0,97,0,0,676,24,4,0,0,0,35,1173,1807
33,8,La Magdalena Contreras,3110,2,50,126,8,0,0,38,0,0,352,11,1,1,1,3,19,610,891
33,8,La Magdalena Contreras,3111,2,136,186,18,0,0,43,0,0,389,14,10,0,0,0,19,815,1034
33,8,La Magdalena Contreras,3112,2,107,106,13,0,0,85,0,0,328,18,3,0,0,2,18,680,894
33,8,La Magdalena Contreras,3113,2,73,142,15,0,0,27,0,0,374,12,2,0,0,2,13,660,930
33,8,La Magdalena Contreras,3114,2,77,166,15,0,0,71,0,0,524,17,2,0,2,0,31,905,1414
33,8,La Magdalena Contreras,3115,2,68,135,10,0,0,51,0,0,316,19,2,0,0,0,20,621,880
33,8,La Magdalena Contreras,3116,2,230,236,18,0,0,45,0,0,340,33,3,0,0,0,19,924,1206
33,8,La Magdalena Contreras,3117,3,151,172,23,0,0,98,0,0,581,18,1,0,0,1,22,1067,1502
33,8,La Magdalena Contreras,3118,5,185,467,44,0,0,164,0,0,1319,40,3,1,1,3,81,2308,3560
33,8,La Magdalena Contreras,5557,3,90,150,24,0,0,55,0,0,651,23,7,1,1,1,42,1045,1608
33,8,La Magdalena Contreras,5558,2,59,139,19,0,0,57,0,0,574,10,8,1,1,1,33,902,1439
33,8,La Magdalena Contreras,5559,3,64,137,22,0,0,61,0,0,691,21,3,2,0,1,38,1040,1721